"Reference","Qty","Value","Footprint","Datasheet","Digi-Key P/N"
"C1,C2,C3,C4,C5,C6,C7,C8,C9","9","100u/6.3V X5R","1v2boost:C_1210_3225Metric","","1276-3366-1-ND"
"C12","1","2n2/100V","1v2boost:C_1210_3225Metric","","399-C1210C222J1GACTUCT-ND"
"C13,C14,C15,C16,C17,C18,C19,C20","8","47u/25V X5R","1v2boost:C_1210_3225Metric","","587-5479-1-ND"
"C22","1","1u/25V","1v2boost:C_0805_2012Metric","","399-C0805C105K3RACTUCT-ND"
"C23,C31","2","100n/25V","1v2boost:C_0603_1608Metric","","399-C0603C104K5RACTUCT-ND"
"C24","1","330p C0G","1v2boost:C_0603_1608Metric","","1276-1073-1-ND"
"C25,C27","2","220n","1v2boost:C_0603_1608Metric","","490-12546-1-ND"
"C26","1","1u/16V","1v2boost:C_0603_1608Metric","","399-C0603C105K4RACTUCT-ND"
"C28","1","3n3","1v2boost:C_0603_1608Metric","","490-GCM1885C1H332FA16DCT-ND"
"C29","1","1n","1v2boost:C_0603_1608Metric","","1276-1091-1-ND"
"C30","1","10u/25V","1v2boost:C_1210_3225Metric","","445-1434-1-ND"
"C32,C33","2","100n","1v2boost:C_0603_1608Metric","","399-C0603C104K5RACTUCT-ND"
"C34","1","10n","1v2boost:C_0603_1608Metric","","1276-1009-1-ND"
"D1","1","STPS40L45CT","1v2boost:TO-220-3_Vertical","","497-7567-5-ND"
"D2,D5","2","","1v2boost:LED_0603","",""
"D3","1","SS14","1v2boost:D_SMA","","SS14CT-ND"
"D4","1","5V1 0.5W","1v2boost:D_SOD-123","","MMSZ5231B-FDICT-ND"
"J1","1","CELL 1.2V 28A","1v2boost:SolderPad_Pair_Input_14x10mm","",""
"J2","1","VOUT 12V 1.7A","1v2boost:SolderPad_Pair_Output_8x6mm","",""
"J3","1","12V BIAS","1v2boost:PinHeader_1x02_P2.54mm","","35-PREC002SAAN-RC-ND"
"J4","1","Vin Monitor","1v2boost:PinHeader_1x02_P2.54mm","","35-PREC002SAAN-RC-ND"
"J5","1","Vout monitor","1v2boost:PinHeader_1x02_P2.54mm","","35-PREC002SAAN-RC-ND"
"JP1","1","EN BYPASS","1v2boost:R_0805_2012Metric","","311-0.0ARCT-ND"
"L1","1","1.5uH PG1083.152NL","1v2boost:L_Pulse_PG1083","","553-3164-ND"
"Q1,Q2","2","SUP40012EL-GE3","1v2boost:TO-220-3_Vertical","","SUP40012EL-GE3-ND"
"R1","1","0R10 1W","1v2boost:R_1210_3225Metric","","541-4390-1-ND"
"R2","1","1m0 5W","1v2boost:R_Shunt_2512_CSS2H","","CSS2H-2512R-1L00FCT-ND"
"R3","1","2R2 1W","1v2boost:R_1210_3225Metric","","RHM2.2AXCT-ND"
"R4","1","2R2","1v2boost:R_0805_2012Metric","","311-2.20CRCT-ND"
"R5","1","1R0","1v2boost:R_0805_2012Metric","","311-1.00CRCT-ND"
"R6","1","10k","1v2boost:R_0805_2012Metric","","311-10.0KCRCT-ND"
"R7","1","549k 1%","1v2boost:R_0603_1608Metric","","311-549KHRCT-ND"
"R8","1","100k 1%","1v2boost:R_0603_1608Metric","","311-100KHRCT-ND"
"R9","1","6k19 1%","1v2boost:R_0603_1608Metric","","P6.19KHCT-ND"
"R10","1","4k75 1%","1v2boost:R_0603_1608Metric","","311-4.75KHRCT-ND"
"R11","1","100R","1v2boost:R_0603_1608Metric","","311-100HRCT-ND"
"R12","1","10k","1v2boost:R_0603_1608Metric","","311-10.0KHRCT-ND"
"R13","1","10k 1%","1v2boost:R_0603_1608Metric","","311-10.0KHRCT-ND"
"R14","1","26k1 1%","1v2boost:R_0603_1608Metric","","311-26.1KHRCT-ND"
"R15,R16","2","100k","1v2boost:R_0603_1608Metric","","311-100KHRCT-ND"
"R17","1","1k","1v2boost:R_0603_1608Metric","","311-1.00KHRCT-ND"
"R18","1","2k","1v2boost:R_0603_1608Metric","","311-100KHRCT-ND"
"R19","1","6k8","1v2boost:R_0603_1608Metric","","311-100KHRCT-ND"
"U1","1","TPS40210DGQ","1v2boost:MSOP-10_3x3mm_P0.5mm","","296-26969-1-ND"
"U2","1","UCC27511ADBVR","1v2boost:SOT-23-6","","296-49474-1-ND"
"U3","1","TLV3011AIDBVR","1v2boost:SOT-23-6","","296-39259-1-ND"
